Profession,Sentiment,Median Weekly Earnings
doctor,0.9258274,2001
tailor,0.60879475,
baker,0.8892949,
secr.,0.8517047,759
prof.,0.88025075,
sci.,0.9939221,1455
writer,0.93109626,1233
teacher,0.88624173,1010
truck dr.,0.3350938,817
pilot,0.9408474,1743
lawyer,0.81407434,1947
fl. att.,0.6604207,878
nurse,0.6726208,1167
chef,0.95668125,615
soldier,0.91373694,
dancer,0.9509947,
gym tr.,0.8375621,603
mechanic,0.8509186,800
clerk,0.60195005,697
bart.,0.7505848,581
